{
    "criteria": {
        "names": [
            "Критерий 1",
            "Критерий 2",
            "Критерий 3",
            "Критерий 4"
        ],
        "types": [
            "max",
            "max",
            "min",
            "min"
        ],
        "matrix": [
            [
                1.0,
                3.0,
                5.0,
                1.0
            ],
            [
                0.3333333333333333,
                1.0,
                2.0,
                0.5
            ],
            [
                0.2,
                0.5,
                1.0,
                0.25
            ],
            [
                1.0,
                2.0,
                4.0,
                1.0
            ]
        ],
        "weights": [
            0.409379212071159,
            0.15806024738716418,
            0.08271570452820763,
            0.34984483601346916
        ],
        "consistency_ratio": 0.004610026753585455
    },
    "alternatives": {
        "names": [
            "Альтернатива 1",
            "Альтернатива 2",
            "Альтернатива 3"
        ],
        "matrices": [
            [
                [
                    1.0,
                    0.5,
                    0.5
                ],
                [
                    2.0,
                    1.0,
                    0.33
                ],
                [
                    2.0,
                    3.0303030303030303,
                    1.0
                ]
            ],
            [
                [
                    1.0,
                    2.0,
                    3.0
                ],
                [
                    0.5,
                    1.0,
                    0.33
                ],
                [
                    0.3333333333333333,
                    3.0303030303030303,
                    1.0
                ]
            ],
            [
                [
                    1.0,
                    0.5,
                    0.33
                ],
                [
                    2.0,
                    1.0,
                    4.0
                ],
                [
                    3.0303030303030303,
                    0.25,
                    1.0
                ]
            ],
            [
                [
                    1.0,
                    0.5,
                    2.0
                ],
                [
                    2.0,
                    1.0,
                    0.5
                ],
                [
                    0.5,
                    2.0,
                    1.0
                ]
            ]
        ],
        "weights": [
            [
                0.189528066882043,
                0.26194383122415665,
                0.5485281018938003
            ],
            [
                0.5393718604124788,
                0.16280429190322973,
                0.2978238476842915
            ],
            [
                0.5330767781293146,
                0.14619115028166668,
                0.3207320715890188
            ],
            [
                0.3333333333333333,
                0.3333333333333333,
                0.3333333333333333
            ]
        ],
        "consistency_ratios": [
            0.07673982957769566,
            0.14454715891087686,
            0.20649945215897667,
            0.2777777777777778
        ]
    },
    "ahp_final_priorities": [
        0.32355086698442836,
        0.2616744952165227,
        0.4147746377990489
    ],
    "ahp_best_alternative": {
        "name": "Альтернатива 3",
        "priority": 0.4147746377990489
    },
    "sensitivity_analysis": [
        {
            "name": "Исходные веса",
            "criteria_weights": [
                0.409379212071159,
                0.15806024738716418,
                0.08271570452820763,
                0.34984483601346916
            ],
            "priorities": [
                0.32355086698442836,
                0.2616744952165227,
                0.4147746377990489
            ],
            "best_alternative": {
                "name": "Альтернатива 3",
                "priority": 0.4147746377990489
            }
        },
        {
            "name": "Критерий 1 = 0.328",
            "criteria_weights": [
                0.35670923910564123,
                0.17215563503174539,
                0.09009206853429363,
                0.3810430573283198
            ],
            "priorities": [
                0.3355026597462608,
                0.261650476555936,
                0.4028468636978033
            ],
            "best_alternative": {
                "name": "Альтернатива 3",
                "priority": 0.4028468636978033
            }
        },
        {
            "name": "Критерий 1 = 0.368",
            "criteria_weights": [
                0.3841683442721235,
                0.1648071077798274,
                0.0862464551119747,
                0.3647780928360744
            ],
            "priorities": [
                0.32927168000776696,
                0.26166299850895536,
                0.40906532148327757
            ],
            "best_alternative": {
                "name": "Альтернатива 3",
                "priority": 0.40906532148327757
            }
        },
        {
            "name": "Критерий 1 = 0.450",
            "criteria_weights": [
                0.43260709798723446,
                0.1518440669390455,
                0.07946266808330604,
                0.336086166990414
            ],
            "priorities": [
                0.3182800292920269,
                0.26168508764094506,
                0.42003488306702796
            ],
            "best_alternative": {
                "name": "Альтернатива 3",
                "priority": 0.42003488306702796
            }
        },
        {
            "name": "Критерий 1 = 0.491",
            "criteria_weights": [
                0.45407710869034973,
                0.14609832403175668,
                0.07645581986896532,
                0.32336874740892824
            ],
            "priorities": [
                0.31340808605624904,
                0.2616948784357914,
                0.4248970355079594
            ],
            "best_alternative": {
                "name": "Альтернатива 3",
                "priority": 0.4248970355079594
            }
        },
        {
            "name": "Критерий 2 = 0.126",
            "criteria_weights": [
                0.4227429842040552,
                0.1305759719970665,
                0.08541587540775585,
                0.36126516839112244
            ],
            "priorities": [
                0.31650560798586835,
                0.2649020134413179,
                0.41859237857281373
            ],
            "best_alternative": {
                "name": "Альтернатива 3",
                "priority": 0.41859237857281373
            }
        },
        {
            "name": "Критерий 2 = 0.142",
            "criteria_weights": [
                0.4159537879333971,
                0.14453880660129234,
                0.0840441077748401,
                0.35546329769047047
            ],
            "priorities": [
                0.3200848104478067,
                0.2632623375715594,
                0.41665285198063395
            ],
            "best_alternative": {
                "name": "Альтернатива 3",
                "priority": 0.41665285198063395
            }
        },
        {
            "name": "Критерий 2 = 0.174",
            "criteria_weights": [
                0.40300923808407096,
                0.17116089872631157,
                0.0814286414076778,
                0.34440122178193966
            ],
            "priorities": [
                0.32690905927526026,
                0.26013606677503576,
                0.4129548739497039
            ],
            "best_alternative": {
                "name": "Альтернатива 3",