{
    "criteria": {
        "names": [
            "Интегрируемость",
            "Гибкость",
            "Стоимость",
            "Сложность"
        ],
        "types": [
            "max",
            "max",
            "min",
            "min"
        ],
        "matrix": [
            [
                1.0,
                1.2,
                0.75,
                1.5
            ],
            [
                0.8333333333333334,
                1.0,
                0.8,
                1.33
            ],
            [
                1.3333333333333333,
                1.25,
                1.0,
                0.9
            ],
            [
                0.6666666666666666,
                0.7518796992481203,
                1.1111111111111112,
                1.0
            ]
        ],
        "weights": [
            0.26821407030975536,
            0.2414561159035303,
            0.27537272961642206,
            0.2149570841702923
        ],
        "consistency_ratio": 0.02020943009821194
    },
    "alternatives": {
        "names": [
            "MediaWiki",
            "Веб с графовой БД",
            "Микросервисы"
        ],
        "matrices": [
            [
                [
                    1.0,
                    2.0,
                    0.8
                ],
                [
                    0.5,
                    1.0,
                    0.5
                ],
                [
                    1.25,
                    2.0,
                    1.0
                ]
            ],
            [
                [
                    1.0,
                    0.33,
                    0.25
                ],
                [
                    3.0303030303030303,
                    1.0,
                    0.8
                ],
                [
                    4.0,
                    1.25,
                    1.0
                ]
            ],
            [
                [
                    1.0,
                    0.33,
                    0.5
                ],
                [
                    3.0303030303030303,
                    1.0,
                    0.8
                ],
                [
                    2.0,
                    1.25,
                    1.0
                ]
            ],
            [
                [
                    1.0,
                    0.75,
                    0.67
                ],
                [
                    1.3333333333333333,
                    1.0,
                    1.2
                ],
                [
                    1.4925373134328357,
                    0.8333333333333334,
                    1.0
                ]
            ]
        ],
        "weights": [
            [
                0.3705067881002197,
                0.19955816929385142,
                0.4299350426059289
            ],
            [
                0.12478397794203044,
                0.3850639478353182,
                0.49015207422265133
            ],
            [
                0.5517501578081482,
                0.22527436027996203,
                0.22297548191188973
            ],
            [
                0.41339502224147906,
                0.28099845845353866,
                0.30560651930498217
            ]
        ],
        "consistency_ratios": [
            0.0030750620769431298,
            0.00018327431817214782,
            0.02527334001351115,
            0.005380514283537992
        ]
    },
    "ahp_final_priorities": [
        0.3703041239680913,
        0.2689373788570688,
        0.3607584971748399
    ],
    "ahp_best_alternative": {
        "name": "MediaWiki",
        "priority": 0.3703041239680913
    },
    "sensitivity_analysis": [
        {
            "name": "Исходные веса",
            "criteria_weights": [
                0.26821407030975536,
                0.2414561159035303,
                0.27537272961642206,
                0.2149570841702923
            ],
            "priorities": [
                0.3703041239680913,
                0.2689373788570688,
                0.3607584971748399
            ],
            "best_alternative": {
                "name": "MediaWiki",
                "priority": 0.3703041239680913
            }
        },
        {
            "name": "Интегрируемость = 0.215",
            "criteria_weights": [
                0.22673390072598937,
                0.2551426876567688,
                0.29098181290129566,
                0.22714159871594608
            ],
            "priorities": [
                0.37029263626078757,
                0.2728700335604573,
                0.35683733017875496
            ],
            "best_alternative": {
                "name": "MediaWiki",
                "priority": 0.37029263626078757
            }
        },
        {
            "name": "Интегрируемость = 0.241",
            "criteria_weights": [
                0.24804559514849828,
                0.2481107965670343,
                0.28296217323924117,
                0.2208814350452263
            ],
            "priorities": [
                0.37029853841861693,
                0.27084951300451776,
                0.35885194857686525
            ],
            "best_alternative": {
                "name": "MediaWiki",
                "priority": 0.37029853841861693
            }
        },
        {
            "name": "Интегрируемость = 0.295",
            "criteria_weights": [
                0.2873289116496095,
                0.23514908654046635,
                0.268179770825634,
                0.20934223098429014
            ],
            "priorities": [
                0.37030941771941084,
                0.2671251376957134,
                0.3625654445848757
            ],
            "best_alternative": {
                "name": "MediaWiki",
                "priority": 0.37030941771941084
            }
        },
        {
            "name": "Интегрируемость = 0.322",
            "criteria_weights": [
                0.3054705827024054,
                0.2291631591665118,
                0.26135301825370866,
                0.20401323987737408
            ],
            "priorities": [
                0.37031444195651364,
                0.26540516092828403,
                0.36428039711520227
            ],
            "best_alternative": {
                "name": "MediaWiki",
                "priority": 0.37031444195651364
            }
        },
        {
            "name": "Гибкость = 0.193",
            "criteria_weights": [
                0.28182368056555457,
                0.2029663878570088,
                0.2893455816775645,
                0.22586434989987209
            ],
            "priorities": [
                0.38276220826435,
                0.263044931297133,
                0.35419286043851694
            ],
            "best_alternative": {
                "name": "MediaWiki",
                "priority": 0.38276220826435
            }
        },
        {
            "name": "Гибкость = 0.217",
            "criteria_weights": [
                0.2748505038204159,
                0.22268742846699585,
                0.28218629017511293,
                0.22027577753747515
            ],
            "priorities": [
                0.37637904062980065,
                0.2660640536323508,
                0.3575569057378484
            ],
            "best_alternative": {
                "name": "MediaWiki",
                "priority": 0.37637904062980065
            }
        },
        {
            "name": "Гибкость = 0.266",
            "criteria_weights": [
                0.261890562508252,
                0.25933980919123545,
                0.2688804467841318,
                0.20988918151638064
            ],
            "priorities": [
                0.3645156559841819,
                0.2716752190607826,
                0.36380912495503537
            ],